Method,ARI,Silhouette Score
Original Scaled,0.1679020141425987,0.27041247968878523
PCA Reduced (2 components),0.1584379260566204,0.5005710209009783
MI Selected (2 features),0.41834302847038923,0.493447794374175
