,SepalLengthCm,SepalWidthCm,PetalLengthCm,PetalWidthCm
count,150.0,150.0,150.0,150.0
mean,-4.736951571734001e-16,-6.631732200427602e-16,3.315866100213801e-16,-2.842170943040401e-16
std,1.0033500931359767,1.0033500931359767,1.0033500931359765,1.0033500931359767
min,-1.870024133847019,-2.438987252491841,-1.5687352207168408,-1.4444496972795189
25%,-0.9006811702978088,-0.587763531435416,-1.2275409967813267,-1.1815037572407716
50%,-0.05250607719224957,-0.12495760117130933,0.33626586292311245,0.13322594295296525
75%,0.6745011454696588,0.5692512942248498,0.7627586428425047,0.7905907930498337
max,2.4920192021244283,3.1146839106774356,1.7863413146490472,1.7109015831854495
