Method,ARI,Silhouette Score
Original Scaled,0.6201351808870379,0.4589717867018717
PCA Reduced (2 components),0.6201351808870379,0.5081546339516392
MI Selected (2 features),0.8856970310281228,0.6736179401065728
